{
    "hasShownAttention": true,
    "currentVersionInfo": {
        "version": "1.1.0",
        "hasShownChangelog": true
    },
    "locked": false,
    "settings": {
        "codeType": "4-digit",
        "hash": "8147864b52f3428a220578f9aee6e36142227262",
        "salt": "a814fcf3c8d756ff4b222e409e419b42e6527a4cd45fafbc4e16b76ea77c8629",
        "iterations": 4000,
        "autolock": 2700,
        "keybind": "control+l",
        "highlightButtons": true,
        "lockOnStartup": true,
        "hideNotifications": false
    },
    "attempts": 0,
    "delayUntil": null,
    "autoDeafened": false
}