{
    "hasShownAttention": true,
    "currentVersionInfo": {
        "version": "1.1.0",
        "hasShownChangelog": true
    },
    "locked": false,
    "settings": {
        "codeType": "custom-numeric",
        "hash": "98c1d61c9b31be499de62fe75505dcf6c10f3cb0",
        "salt": "4fc6ef546511f240fcfa58e5545a03e616f3e55276cf8d4affc7140e237587ba",
        "iterations": 4000,
        "autolock": 2700,
        "keybind": "control+l",
        "highlightButtons": true,
        "lockOnStartup": true,
        "hideNotifications": false
    },
    "attempts": 0,
    "delayUntil": null,
    "autoDeafened": false
}